{
  "precision": { "mp_dps": 60 },
  "b3": {
  "theta": 0.01,
  "kappa": 2,
  "t0": 10.0,
  "X_min": 20.0,
  "C_M": 2.0,
  "C1": 1.7,
  "C2": 1.0,
  "sigma_min": 0.5,
  "sigma_max": 1.0,
  "sigma_steps": 6,
  "t_values": [10.0, 20.0, 50.0, 100.0]
},
  "b4": {
    "A0": -0.6931471805599453,
    "A1": 0.0,
    "A2": 0.0,
    "B0": 0.5772156649015329,
    "B1": 0.0,
    "D0": 3.141592653589793,
    "D1": 1.0,
    "n_min": 10,
    "n_max": 100,           
    "circle_points": 180     
  },
  "output_dir": "reports_final"
}