{
  "t": 50.0,
  "zero_crossings": 1,
  "sigma_star": 0.49999999999970896,
  "S_prime": 20.048570286299576,
  "A_main": 1.0370729695094003,
  "eps": 4.0333682300006375,
  "MMC_pass_like": true
}